{
  "EN-NL": 0.5580851578116033,
  "ID-IG": 0.25962190554470166,
  "ID-KO": 0.2999764654611546,
  "KO-TA": 0.28954784588412996,
  "KO-VI": 0.2816934463585931,
  "KO-UR": 0.26947196168908066,
  "ML-VI": 0.28228026292257863,
  "ML-UR": 0.28457811618418805,
  "ML-TA": 0.3057205119791092,
  "JA-VI": 0.26017508221497804,
  "JA-UR": 0.2487350739920575,
  "JA-TA": 0.2516965581943074,
  "PA-RO": 0.28971739757102505,
  "DE-ML": 0.29105794965531523,
  "IT-TH": 0.3096309131137423,
  "TE-ZH": 0.2544536086160973,
  "IT-YO": 0.26540805942264073,
  "GU-NE": 0.3025448013967928,
  "KN-PA": 0.3046349339331691,
  "EL-MR": 0.2973148576960051,
  "AR-RO": 0.3053034871723894,
  "FR-MR": 0.29032917588954416,
  "ES-ML": 0.290395433061046,
  "AR-ID": 0.30622055399168313,
  "BG-JA": 0.25057595386528303,
  "BG-HI": 0.3130387084657508,
  "FA-ML": 0.29508450645204565,
  "EN-ZH": 0.2828452962438169,
  "HI-UR": 0.6706285909952712,
  "HI-VI": 0.2937022386363068,
  "BG-EN": 0.33514566772321874,
  "HI-TA": 0.3055945309116497,
  "BN-PT": 0.3039979552242842,
  "IG-TA": 0.2602669582028004,
  "ID-KN": 0.30213945944912446,
  "IG-UR": 0.26361576116392316,
  "IG-VI": 0.23775628195021023,
  "ML-NL": 0.2875456676059809,
  "JA-NL": 0.2619188042146746,
  "FA-TL": 0.2989258906237866,
  "IG-ZH": 0.24446486537475234,
  "BN-PA": 0.3017696157177764,
  "BG-EL": 0.32967669588494464,
  "RU-TH": 0.3043644946582513,
  "EN-UR": 0.3498981999252585,
  "EN-VI": 0.3171619275335771,
  "EN-TA": 0.3042588372830296,
  "PT-TE": 0.29950612616825456,
  "RU-YO": 0.2608039183239278,
  "BN-IT": 0.30103935002740795,
  "PT-TR": 0.3287532523825489,
  "KO-NL": 0.29944215040685956,
  "HI-ZH": 0.26399883502634225,
  "MR-RU": 0.28656760999057734,
  "AR-KN": 0.2949944523309145,
  "NL-RU": 0.40162928078366605,
  "RO-TL": 0.30141902526497266,
  "GU-YO": 0.24870238124603813,
  "IT-NE": 0.27677215921969534,
  "ES-TL": 0.30359688009920116,
  "GU-TH": 0.2973318935257971,
  "DE-TL": 0.2990285290363676,
  "TE-VI": 0.27887813457435645,
  "TE-UR": 0.28178744969997677,
  "FR-TE": 0.2960249278764191,
  "AR-ES": 0.31123716097870335,
  "NE-RO": 0.28267862195017174,
  "FR-TR": 0.33084194013849694,
  "KN-PT": 0.3056477326485342,
  "AR-IG": 0.25755873968569676,
  "EL-TE": 0.2959625007538498,
  "AR-KO": 0.28985405649817914,
  "EL-TR": 0.3190703087413663,
  "ML-ZH": 0.25371816773400485,
  "BG-FA": 0.3130005624573302,
  "ID-RO": 0.32002018436598884,
  "BN-DE": 0.30301524641371724,
  "IG-NL": 0.25708772433017524,
  "JA-ZH": 0.2847975916651437,
  "PL-TR": 0.32562258928970755,
  "BG-PL": 0.3403986664520735,
  "PL-TE": 0.2958718477645561,
  "HI-NL": 0.38189213349166573,
  "KO-ZH": 0.2626828703998321,
  "ML-MR": 0.3038544261458229,
  "PL-UR": 0.34430642251983135,
  "PL-VI": 0.29556604427758565,
  "JA-MR": 0.24906206653390336,
  "PL-TA": 0.2966897786514357,
  "ID-PT": 0.32991743966463916,
  "BG-FR": 0.3354673133326902,
  "KO-MR": 0.28455321899184677,
  "BN-KN": 0.3068899435737864,
  "EL-TA": 0.29618218633925153,
  "EL-UR": 0.27390964226955467,
  "AR-IT": 0.3093813791937029,
  "EL-VI": 0.2923854791977998,
  "TE-TR": 0.302217614593424,
  "FR-TA": 0.2996174670052366,
  "NE-PT": 0.2786798471433423,
  "FR-UR": 0.34790286021713857,
  "FR-VI": 0.3042501985905304,
  "KN-RO": 0.30033992572470253,
  "AR-PA": 0.28345625896097,
  "DE-TH": 0.30968912625240824,
  "IT-ML": 0.29107181764252027,
  "DE-YO": 0.2575890479767819,
  "RO-YO": 0.2641225408290349,
  "GU-TL": 0.29911537001314986,
  "ES-YO": 0.25912285098318427,
  "RO-TH": 0.3072552975645937,
  "ES-TH": 0.30777725190721833,
  "AR-DE": 0.3072887279876758,
  "TL-YO": 0.25713258462211447,
  "PT-TA": 0.3019851152780162,
  "BN-KO": 0.29356988464120565,
  "BN-IG": 0.2593392027340898,
  "PT-VI": 0.31748787125688976,
  "PT-UR": 0.34940233541320936,
  "IG-MR": 0.2598299256685007,
  "BN-ES": 0.30606292034447935,
  "RU-TL": 0.2944521434885479,
  "EN-TR": 0.329243649158807,
  "EN-TE": 0.30585630402229547,
  "FA-TH": 0.3030813558117835,
  "FA-YO": 0.24886016044580614,
  "HI-MR": 0.3082202659746257,
  "IG-TE": 0.25408699231662385,
  "EN-MR": 0.29188010190764796,
  "IG-TR": 0.25005958154475955,
  "BN-RO": 0.30341570796206774,
  "PT-ZH": 0.27583151955124335,
  "HI-TR": 0.31578056978326996,
  "BG-GU": 0.29506707402554766,
  "HI-TE": 0.30805647070065456,
  "DE-NE": 0.274405516002056,
  "MR-PL": 0.28953113351546106,
  "GU-ML": 0.3054967409842301,
  "NL-PL": 0.40683864129406494,
  "EL-NL": 0.3200794552332751,
  "FR-NL": 0.41278224038261235,
  "KN-KO": 0.29305752952579167,
  "AR-PT": 0.3104974360286446,
  "EL-ZH": 0.26659423884334343,
  "NE-PA": 0.30514149663669365,
  "IT-TL": 0.30052284569391663,
  "ES-NE": 0.2783901384162613,
  "FR-ZH": 0.27661388419978983,
  "JA-TR": 0.24801386421006494,
  "BN-ID": 0.3056766775476106,
  "JA-TE": 0.24336757554509567,
  "PA-PT": 0.2890243326890592,
  "FA-NE": 0.2808117201228813,
  "ML-TR": 0.29616232266106546,
  "ID-PA": 0.2898723291225877,
  "ML-TE": 0.30553728142379083,
  "BG-RU": 0.34602049177579586,
  "KO-TE": 0.28864788954023246,
  "KO-TR": 0.3041672989633255,
  "PL-ZH": 0.26889235287702673,
  "ID-IT": 0.3279962941555308,
  "ID-ML": 0.2923655921203955,
  "BG-TR": 0.3285036027565018,
  "KO-RU": 0.3037768690381734,
  "BG-TE": 0.29994637941393093,
  "ML-RU": 0.2895756582921652,
  "JA-RU": 0.25281038583968524,
  "FA-KN": 0.30202572282207085,
  "PA-TL": 0.298517414646393,
  "EL-PL": 0.32672120560026957,
  "DE-KO": 0.30339960559762696,
  "IT-PT": 0.5942639285777105,
  "ES-KN": 0.3037578676082186,
  "DE-IG": 0.26341107774463507,
  "FR-PL": 0.4106880290967341,
  "DE-ES": 0.4168886713421012,
  "MR-NL": 0.290386663466086,
  "AR-TL": 0.29285493318314276,
  "TH-YO": 0.2546383614375129,
  "EL-FA": 0.30723257623502875,
  "KN-NE": 0.2944408766706736,
  "TA-TR": 0.302423154940301,
  "GU-PA": 0.31466463338281536,
  "TA-TE": 0.30963470150186384,
  "GU-IT": 0.29307003248527513,
  "MR-ZH": 0.2545573840273981,
  "ES-KO": 0.30394788193613315,
  "NL-ZH": 0.27489383431129644,
  "DE-KN": 0.29982944812400625,
  "ES-IG": 0.2550530705481218,
  "FA-IG": 0.2522893044799169,
  "FA-KO": 0.2927515673180968,
  "HI-RU": 0.3783804705770884,
  "EN-FR": 0.4792843321125586,
  "BN-TH": 0.3028647725058564,
  "UR-YO": 0.25148141441689453,
  "BN-YO": 0.24486629727214232,
  "IG-RU": 0.25421578376689274,
  "FA-RO": 0.31065718714680784,
  "EN-RU": 0.41246287862931647,
  "MR-VI": 0.2726115818978127,
  "MR-UR": 0.28656475542716914,
  "DE-ID": 0.3279838123870715,
  "MR-TA": 0.30335682013357057,
  "NL-VI": 0.3056048558609606,
  "NL-UR": 0.34675463083400754,
  "NL-TA": 0.29718051509553906,
  "EL-HI": 0.3114567813450538,
  "EL-JA": 0.2531876321381854,
  "ES-RO": 0.5731378112144949,
  "EL-EN": 0.3223990522892698,
  "FR-HI": 0.38454290741450786,
  "FR-JA": 0.25819231331797227,
  "GU-PT": 0.2958596050373669,
  "DE-RO": 0.40393372781649933,
  "NE-TL": 0.29044015833608167,
  "KN-TH": 0.29816795349588654,
  "IT-PA": 0.2878368855400223,
  "ES-ID": 0.33012037434535363,
  "AR-ML": 0.2852457636896843,
  "KN-YO": 0.25217794580179326,
  "BN-NE": 0.28952668458823055,
  "FA-ID": 0.3120851483308089,
  "BG-MR": 0.2914550298434915,
  "ID-TL": 0.30679701901273687,
  "EN-GU": 0.2981934953863448,
  "EN-JA": 0.2676769878335093,
  "BG-ZH": 0.2682586195634209,
  "EN-HI": 0.387531874461112,
  "KO-PL": 0.303343294373854,
  "PL-RU": 0.6035769930373439,
  "ID-TH": 0.3107001995219033,
  "ML-PL": 0.29079187414464164,
  "BG-BN": 0.3058396485701049,
  "ID-YO": 0.25008907510782247,
  "JA-PL": 0.25314658559473996,
  "NE-YO": 0.2610915514525973,
  "EL-RU": 0.32528419739691805,
  "AR-BG": 0.30884561180848824,
  "FR-RU": 0.4080309425746455,
  "KN-TL": 0.3022746436363571,
  "GU-ID": 0.29479168114689375,
  "NE-TH": 0.28331511237792717,
  "IT-KO": 0.305875727240557,
  "DE-PT": 0.4115916557759724,
  "VI-ZH": 0.2803211553182857,
  "EL-GU": 0.29646132040773265,
  "GU-RO": 0.29426975007342154,
  "FR-GU": 0.29293580996967133,
  "IT-KN": 0.3026732693334122,
  "TA-ZH": 0.2621204576812901,
  "ES-PT": 0.6398496855216962,
  "NL-TR": 0.3227320473166964,
  "NL-TE": 0.2968122512460991,